,Method,Feature Descriptor,k-cluster,Max Accuracy,Max Precision,Max Sensitivity,Max Specificity,Max F1-score,Max AUC,Mean Accuracy,Mean Precision,Mean Sensitivity,Mean Specificity,Mean F1-score,Mean AUC,CI UP Accuracy,CI Down Accuracy,CI UP Precision,CI Down Precision,CI UP Sensitivity,CI Down Sensitivity,CI UP Specificity,CI Down Specificity,CI UP F1-score,CI Down F1-score,CI UP AUC,CI Down AUC
0,SVM,sift,128,1,1,1,1,1,1,0.84682,0.81162,0.80416,1,0.78917,0.80416,0.841762977,0.851887817,0.802204415,0.821049554,0.795671597,0.812661736,0.867248685,0.882751315,0.780244079,0.798110393,0.795671597,0.812661736
1,SVM,sift,256,1,1,1,1,1,1,0.85555,0.84526,0.84583,1,0.84118,0.84583,0.847520437,0.863590674,0.836647977,0.853874001,0.837417216,0.854249451,0.866911516,0.883088484,0.832465086,0.849903871,0.837417216,0.854249451
2,SVM,sift,32,1,1,1,1,1,1,0.81349,0.80802,0.70833,1,0.71968,0.70833,0.810628715,0.816355412,0.799075925,0.816968031,0.702672574,0.713994093,0.963238906,0.970094427,0.712993284,0.726370538,0.702672574,0.713994093
3,SVM,sift,512,1,1,1,1,1,1,0.84523,0.8296,0.80416,1,0.80816,0.80416,0.841920207,0.848555983,0.823636922,0.835580527,0.799683991,0.808649343,0.90404085,0.912625817,0.80314339,0.813192342,0.799683991,0.808649343
4,SVM,sift,64,1,1,1,1,1,1,0.87777,0.88769,0.86666,1,0.8568,0.86666,0.872054466,0.883501089,0.882356914,0.893032696,0.859469112,0.873864221,0.893144479,0.906855521,0.849861596,0.863750686,0.859469112,0.873864221
5,SVM,surf,128,1,1,1,1,1,1,0.8873,0.86794,0.83333,1,0.83286,0.83333,0.881588442,0.893014733,0.856540027,0.879357409,0.824457787,0.84220888,0.963238906,0.970094427,0.822552892,0.843178709,0.824457787,0.84220888
6,SVM,surf,256,1,1,1,1,1,1,0.80952,0.7777,0.75416,1,0.74045,0.75416,0.802888033,0.816159586,0.766448445,0.789011586,0.744818554,0.763514779,0.919604927,0.930395073,0.730046056,0.750855359,0.744818554,0.763514779
7,SVM,surf,64,1,1,1,1,1,1,0.89841,0.89885,0.9,1,0.88484,0.9,0.892325973,0.904499424,0.893334531,0.904376092,0.894555656,0.905444344,0.890813975,0.909186025,0.878619774,0.89107485,0.894555656,0.905444344
8,SVM,surf100,128,1,1,1,1,1,1,0.92222,0.91125,0.92,1,0.91462,0.92,0.919466199,0.924978245,0.908122307,0.91438019,0.921986831,0.928013169,0.913398425,0.919934908,0.911624692,0.917626839,0.921986831,0.928013169
9,SVM,surf100,256,1,1,1,1,1,1,0.89786,0.88484,0.9034,1,0.88045,0.9034,0.894573696,0.9011528,0.880908641,0.888784998,0.883135302,0.891107122,0.9206157,0.927869149,0.876806674,0.884094541,0.883135302,0.891107122
10,SVM,surf100,64,1,1,1,1,1,1,0.90128,0.89317,0.92424,1,0.88996,0.92424,0.897653456,0.904910647,0.876786255,0.884837121,0.921217924,0.927266925,0.860366246,0.869936785,0.885827123,0.894101717,0.921217924,0.927266925
11,SVM,surf50,128,1,1,1,1,1,1,0.8923,0.88668,0.8784,1,0.87052,0.8784,0.888804447,0.895810937,0.882395703,0.89097426,0.86579475,0.875114341,0.937575331,0.94424285,0.866529995,0.874515945,0.86579475,0.875114341
12,SVM,surf50,256,1,1,1,1,1,1,0.92222,0.92034,0.912,1,0.9117,0.912,0.918386001,0.926058444,0.916127635,0.924561676,0.907958144,0.917041856,0.937630687,0.945702647,0.907337114,0.916069783,0.907958144,0.917041856
13,SVM,surf50,512,1,1,1,1,1,1,0.86794,0.84917,0.8784,1,0.85268,0.8784,0.859930529,0.875966907,0.841038678,0.85731297,0.870132852,0.88668533,0.848447585,0.865188779,0.844147503,0.861231104,0.870132852,0.88668533
14,SVM,surf50,64,1,1,1,1,1,1,0.9,0.89712,0.8909,1,0.88764,0.8909,0.894707647,0.905292353,0.89112188,0.903136361,0.881716737,0.893283263,0.919604927,0.930395073,0.88181583,0.89347653,0.881716737,0.893283263
15,SVM,surf0,1024,1,1,1,1,1,1,0.87222,0.87065,0.87007,1,0.8498,0.87007,0.8668741,0.877570345,0.864735072,0.876576949,0.847209649,0.861123684,0.90293826,0.913728407,0.843038115,0.856569719,0.847209649,0.861123684
16,SVM,surf0,128,1,1,1,1,1,1,0.88675,0.88289,0.89583,1,0.87115,0.89583,0.87271464,0.882840915,0.86781302,0.878217616,0.891034191,0.900632476,0.834948861,0.848384473,0.865859345,0.876444134,0.891034191,0.900632476
17,SVM,surf0,256,1,1,1,1,1,1,0.8923,0.88067,0.90795,1,0.88148,0.90795,0.888804447,0.895810937,0.877043712,0.884311599,0.905197133,0.910711958,0.859729965,0.872088216,0.877997719,0.884966476,0.905197133,0.910711958
18,SVM,surf0,512,1,1,1,1,1,1,0.8935,0.87892,0.88257,1,0.8701,0.88257,0.889884543,0.897294945,0.87287111,0.884986033,0.876943334,0.888208182,0.893337846,0.903631851,0.864315943,0.875894498,0.876943334,0.888208182
19,SVM,surf0,64,1,1,1,1,1,1,0.87008,0.87045,0.89545,1,0.85938,0.89545,0.866434205,0.873736735,0.855186882,0.860072858,0.89259662,0.898312471,0.817975526,0.830509322,0.85599516,0.862773949,0.89259662,0.898312471
20,SVM,orb,128,1,1,1,1,1,1,0.79841,0.80754,0.72916,1,0.7289,0.72916,0.79178715,0.805038247,0.799807127,0.815280359,0.720577812,0.737755521,0.902464133,0.914202534,0.720223249,0.737592257,0.720577812,0.737755521
21,SVM,orb,256,1,1,1,1,1,1,0.73174,0.56678,0.62083,1,0.56826,0.62083,0.726244542,0.737247522,0.551680149,0.581891279,0.611775381,0.629891286,0.953569094,0.963097573,0.557160131,0.579377269,0.611775381,0.629891286
22,SVM,orb,64,1,1,1,1,1,1,0.78888,0.78911,0.77083,1,0.76362,0.77083,0.77954276,0.798235017,0.77959689,0.798624888,0.76201438,0.779652287,0.813808958,0.836191042,0.753515969,0.773734997,0.76201438,0.779652287
23,SVM,brisk,128,1,1,1,1,1,1,0.71764,0.53647,0.537,0.99166,0.49102,0.537,0.714073079,0.721221038,0.521569094,0.551372082,0.532847776,0.542152224,0.971691158,0.978308842,0.48404091,0.498006162,0.532847776,0.542152224
24,SVM,brisk,256,1,1,1,1,1,1,0.72352,0.48974,0.547,1,0.49716,0.547,0.719198035,0.727860789,0.47569669,0.503792106,0.54087002,0.55412998,0.972631934,0.977368066,0.48778447,0.506543839,0.54087002,0.55412998
25,SVM,brisk,64,1,1,1,1,1,1,0.72352,0.64008,0.55333,1,0.52537,0.55333,0.719863541,0.727195282,0.624462834,0.655708735,0.548523353,0.558143314,0.964135098,0.969198235,0.518379938,0.5323681,0.548523353,0.558143314
26,SVM,kaze,128,1,1,1,1,1,1,0.84572,0.83848,0.837,1,0.81227,0.837,0.842023191,0.849429801,0.833222116,0.843752576,0.8332623,0.8417377,0.867601204,0.882398796,0.807834219,0.816708372,0.8332623,0.8417377
27,SVM,kaze,256,1,1,1,1,1,1,0.80341,0.81854,0.7,1,0.73989,0.7,0.79778852,0.809049087,0.812324434,0.824771738,0.742691991,0.757308009,0.909001962,0.924331372,0.733380021,0.746407915,0.742691991,0.757308009
28,SVM,kaze,64,1,1,1,1,1,1,0.78589,0.74599,0.72,1,0.7094,0.72,0.779816862,0.79197801,0.733889371,0.758106966,0.714587689,0.735412311,0.839979762,0.860020238,0.698483714,0.720417052,0.714587689,0.735412311
29,SVM,akaze,128,1,1,1,1,1,1,0.7397,0.63716,0.577,1,0.54907,0.577,0.735350572,0.744061192,0.621218135,0.653106094,0.571238737,0.583761263,0.971691158,0.978308842,0.540259011,0.55789475,0.571238737,0.583761263
30,SVM,akaze,256,1,1,1,1,1,1,0.7397,0.6535,0.577,1,0.55253,0.577,0.73732614,0.742085625,0.63986852,0.667134281,0.57349024,0.58150976,0.972631934,0.977368066,0.546066147,0.559006622,0.57349024,0.58150976
31,SVM,akaze,64,1,1,1,1,1,1,0.73382,0.72187,0.58,1,0.5781,0.58,0.730499086,0.737147973,0.710654701,0.733095299,0.580998573,0.589001427,0.94657224,0.95342776,0.572845494,0.583493537,0.580998573,0.589001427
32,DecisionTree,sift,128,1,1,1,1,1,1,0.83174,0.82676,0.787,0.7875,0.79189,0.787,0.782480784,0.7946462,0.754862611,0.770434336,0.743503595,0.758413072,0.84108011,0.854086556,0.738059659,0.752862605,0.743503595,0.758413072
33,DecisionTree,sift,256,1,1,1,1,1,1,0.82222,0.80467,0.8,0.89166,0.79491,0.8,0.76425549,0.779236573,0.739637517,0.757314752,0.727219012,0.744114321,0.825654502,0.841678832,0.721256369,0.738194011,0.727219012,0.744114321
34,DecisionTree,sift,64,1,1,1,1,1,1,0.83888,0.82896,0.80833,0.9,0.81195,0.80833,0.792183302,0.804864317,0.776549918,0.791951361,0.755896968,0.770603032,0.847998418,0.861668249,0.752990186,0.767539565,0.755896968,0.770603032
35,DecisionTree,surf,128,1,1,1,1,1,1,0.88412,0.85962,0.86666,0.9,0.85905,0.86666,0.762850942,0.775577629,0.73340392,0.749573647,0.71645175,0.73154825,0.825398153,0.84093518,0.711359797,0.726708048,0.71645175,0.73154825
36,DecisionTree,surf,256,1,1,1,1,1,1,0.83333,0.8265,0.812,0.87,0.81199,0.812,0.751313207,0.764528063,0.720983946,0.737062123,0.714263872,0.730152795,0.824738418,0.838428249,0.70357472,0.719039887,0.714263872,0.730152795
37,DecisionTree,surf,64,1,1,1,1,1,1,0.83571,0.81715,0.812,0.87,0.80078,0.812,0.79660312,0.808619102,0.775376512,0.789908692,0.769581175,0.784168825,0.847919941,0.861580059,0.75784547,0.772402214,0.769581175,0.784168825
38,DecisionTree,surf100,128,1,1,1,1,1,1,0.83034,0.81615,0.82765,0.89166,0.80388,0.82765,0.783973188,0.796428521,0.759458222,0.774635636,0.750227193,0.765666746,0.842036526,0.854751353,0.743134415,0.758258441,0.750227193,0.765666746
39,DecisionTree,surf100,256,1,1,1,1,1,1,0.80683,0.79504,0.7909,0.89015,0.77287,0.7909,0.762913031,0.775035686,0.735240428,0.750343149,0.724880574,0.739339123,0.827814018,0.841292043,0.717662186,0.731991366,0.724880574,0.739339123
40,DecisionTree,surf100,64,1,1,1,1,1,1,0.8423,0.83802,0.81628,0.92424,0.81128,0.81628,0.781872609,0.793366707,0.751791968,0.766764132,0.740557409,0.755207742,0.843297666,0.856232637,0.735148555,0.7498307,0.740557409,0.755207742
41,DecisionTree,surf50,128,1,1,1,1,1,1,0.7935,0.77649,0.76174,0.88181,0.75505,0.76174,0.739645287,0.75170514,0.705918256,0.721379721,0.690633508,0.705275583,0.825209557,0.838275291,0.684894231,0.699427541,0.690633508,0.705275583
42,DecisionTree,surf50,256,1,1,1,1,1,1,0.77564,0.77612,0.73712,0.85757,0.73552,0.73712,0.734080811,0.746987565,0.697343544,0.71383777,0.686146433,0.702171749,0.812892862,0.826410169,0.679198488,0.695025537,0.686146433,0.702171749
43,DecisionTree,surf50,512,1,1,1,1,1,1,0.75897,0.71891,0.71628,0.8553,0.71106,0.71628,0.703816317,0.7172777,0.660307186,0.677412643,0.649726443,0.665515981,0.787417681,0.802400501,0.643802355,0.659674416,0.649726443,0.665515981
44,DecisionTree,surf50,64,1,1,1,1,1,1,0.8145,0.79237,0.79962,0.87,0.7887,0.79962,0.754477532,0.76691563,0.722697081,0.738455864,0.708899516,0.723759575,0.826771793,0.839879723,0.70441128,0.71930341,0.708899516,0.723759575
45,DecisionTree,surf0,1024,1,1,1,1,1,1,0.77008,0.74587,0.73295,0.8553,0.72544,0.73295,0.684134858,0.69764292,0.639075079,0.656132143,0.632432638,0.648718877,0.774199514,0.789103516,0.622096286,0.638075196,0.632432638,0.648718877
46,DecisionTree,surf0,128,1,1,1,1,1,1,0.81025,0.79198,0.76969,0.88181,0.76471,0.76969,0.763247171,0.776137444,0.732450906,0.748565538,0.722172908,0.737766486,0.82640037,0.839811751,0.716923243,0.732312234,0.722172908,0.737766486
47,DecisionTree,surf0,256,1,1,1,1,1,1,0.78803,0.78285,0.74924,0.88333,0.74552,0.74924,0.717821936,0.731374646,0.682451958,0.698925037,0.674217504,0.690100678,0.792464562,0.807838468,0.664809252,0.680443264,0.674217504,0.690100678
48,DecisionTree,surf0,512,1,1,1,1,1,1,0.78034,0.74943,0.74886,0.84924,0.7427,0.74886,0.715881635,0.728579904,0.680333327,0.696456865,0.669931174,0.685470341,0.79129083,0.806178867,0.661009319,0.676531152,0.669931174,0.685470341
49,DecisionTree,surf0,64,1,1,1,1,1,1,0.829,0.81653,0.81174,0.89166,0.798,0.81174,0.768595114,0.780199758,0.738737723,0.754077109,0.725794932,0.740091432,0.831497379,0.845275348,0.720090211,0.734602375,0.725794932,0.740091432
50,DecisionTree,orb,128,1,1,1,1,1,1,0.7912,0.75602,0.75416,0.87,0.75297,0.75416,0.736627688,0.749451677,0.700358276,0.716953289,0.687072555,0.702510779,0.813039603,0.826793731,0.681393281,0.696703292,0.687072555,0.702510779
51,DecisionTree,orb,256,1,1,1,1,1,1,0.81507,0.81323,0.77916,0.86666,0.77808,0.77916,0.743768166,0.756358818,0.713487415,0.728916924,0.706047511,0.721202489,0.810099189,0.825400811,0.694008606,0.708858096,0.706047511,0.721202489
52,DecisionTree,orb,64,1,1,1,1,1,1,0.83095,0.83002,0.79166,0.86,0.79491,0.79166,0.757074945,0.770306007,0.735074983,0.75217435,0.712340855,0.728075812,0.830693313,0.846806687,0.705766881,0.722271465,0.712340855,0.728075812
53,DecisionTree,brisk,128,1,1,1,1,1,1,0.78235,0.7506,0.74666,0.86666,0.74146,0.74666,0.723725658,0.736980224,0.676658574,0.694350701,0.662811994,0.678921339,0.808271845,0.822394822,0.657905333,0.674274481,0.662811994,0.678921339
54,DecisionTree,brisk,256,1,1,1,1,1,1,0.7647,0.72793,0.69583,0.87,0.69388,0.69583,0.70252025,0.715009162,0.655168543,0.672533281,0.634371705,0.648544962,0.796712276,0.813121057,0.627672055,0.642523532,0.634371705,0.648544962
55,DecisionTree,brisk,64,1,1,1,1,1,1,0.78235,0.75567,0.76416,0.8,0.74974,0.76416,0.735696757,0.748538537,0.691157738,0.708602258,0.682003748,0.697746252,0.80961692,0.82388308,0.674493188,0.690563714,0.682003748,0.697746252
56,DecisionTree,kaze,128,1,1,1,1,1,1,0.79017,0.7808,0.77916,0.89166,0.749,0.77916,0.730643845,0.742193762,0.693114428,0.70740908,0.694763168,0.710236832,0.792687169,0.806979498,0.674953199,0.68872135,0.694763168,0.710236832
57,DecisionTree,kaze,256,1,1,1,1,1,1,0.77222,0.75723,0.7,0.86666,0.74765,0.7,0.719933779,0.733117503,0.681244112,0.696837995,0.677483791,0.693849542,0.799167103,0.814499564,0.660856748,0.675775868,0.677483791,0.693849542
58,DecisionTree,kaze,64,1,1,1,1,1,1,0.78461,0.75144,0.75833,0.88333,0.74079,0.75833,0.730972129,0.74400223,0.6853395,0.703450781,0.666982839,0.685100494,0.803631115,0.818535552,0.663761634,0.681294335,0.666982839,0.685100494
59,DecisionTree,akaze,128,1,1,1,1,1,1,0.75661,0.74306,0.72265,0.84924,0.7085,0.72265,0.721430901,0.734929393,0.681672446,0.698768123,0.666107955,0.681417803,0.79887169,0.815779825,0.658612757,0.674492356,0.666107955,0.681417803
60,DecisionTree,akaze,256,1,1,1,1,1,1,0.78461,0.75144,0.75833,0.88333,0.74079,0.75833,0.730972129,0.74400223,0.6853395,0.703450781,0.666982839,0.685100494,0.803631115,0.818535552,0.663761634,0.681294335,0.666982839,0.685100494
61,DecisionTree,akaze,64,1,1,1,1,1,1,0.79227,0.77666,0.74212,0.88181,0.738,0.74212,0.730619315,0.741961568,0.689859441,0.705665063,0.670742383,0.68469095,0.815058384,0.828608282,0.665722535,0.67977859,0.670742383,0.68469095
62,ExtraTreeClassifier,sift,128,1,1,1,1,1,1,0.89832,0.89802,0.89583,0.91666,0.89067,0.89583,0.862214738,0.872102722,0.85414844,0.866289697,0.836789522,0.847793811,0.88359351,0.896573156,0.836082193,0.847329716,0.836789522,0.847793811
63,ExtraTreeClassifier,sift,256,1,1,1,1,1,1,0.86507,0.86247,0.84583,0.92,0.84507,0.84583,0.828677119,0.843926056,0.819512054,0.836385055,0.792193167,0.808640166,0.882243835,0.896756165,0.798080815,0.814670457,0.792193167,0.808640166
64,ExtraTreeClassifier,sift,64,1,1,1,1,1,1,0.90555,0.90817,0.90833,0.93333,0.89522,0.90833,0.874923753,0.884981008,0.873029728,0.883497561,0.867140256,0.878943077,0.886807208,0.899026125,0.858658587,0.870129643,0.867140256,0.878943077
65,ExtraTreeClassifier,surf100,128,1,1,1,1,1,1,0.96333,0.92516,0.92,0.96666,0.92434,0.96,0.905388569,0.913859294,0.895977923,0.905177614,0.893218571,0.90359961,0.928893552,0.935409478,0.891946143,0.901811342,0.893218571,0.90359961
66,ExtraTreeClassifier,surf100,256,1,1,1,1,1,1,0.90341,0.90036,0.89128,0.97,0.88567,0.89128,0.873310538,0.880971513,0.865276345,0.875269126,0.847173281,0.857622173,0.917896003,0.926694906,0.846085525,0.855511256,0.847173281,0.857622173
67,ExtraTreeClassifier,surf100,64,1,1,1,1,1,1,0.92008,0.9283,0.91174,0.97,0.89964,0.91174,0.888785212,0.896214788,0.849800727,0.864795943,0.866184779,0.881625827,0.896791159,0.90149672,0.854803498,0.869928178,0.866184779,0.881625827
68,ExtraTreeClassifier,surf50,128,1,1,1,1,1,1,0.88333,0.88843,0.84583,0.97,0.85725,0.84583,0.848986778,0.858243991,0.844908241,0.85621878,0.808659922,0.820582502,0.930242277,0.937909238,0.815146862,0.826515808,0.808659922,0.820582502
69,ExtraTreeClassifier,surf50,256,1,1,1,1,1,1,0.90128,0.89692,0.88257,0.98333,0.87874,0.88257,0.845363108,0.856303559,0.846669303,0.859688526,0.792724398,0.808146814,0.935730061,0.943345697,0.798536061,0.813540466,0.792724398,0.808146814
70,ExtraTreeClassifier,surf50,512,1,1,1,1,1,1,0.8423,0.87379,0.81628,1,0.81125,0.81628,0.811794725,0.826094164,0.779061331,0.799433162,0.760951988,0.779828315,0.895844884,0.905715722,0.760307326,0.779667254,0.760951988,0.779828315
71,ExtraTreeClassifier,surf50,64,1,1,1,1,1,1,0.9,0.90399,0.887,0.95833,0.884,0.887,0.871281142,0.882436807,0.871341359,0.884534066,0.842081358,0.854501975,0.923839832,0.934993501,0.849554506,0.862067855,0.842081358,0.854501975
72,ExtraTreeClassifier,surf0,1024,1,1,1,1,1,1,0.86666,0.89552,0.82,0.99166,0.83059,0.82,0.822844498,0.834608494,0.828203114,0.8421111,0.767223708,0.782745989,0.931965522,0.940307205,0.775037775,0.790806633,0.767223708,0.782745989
73,ExtraTreeClassifier,surf0,128,1,1,1,1,1,1,0.90555,0.90697,0.89166,0.95833,0.89273,0.89166,0.878363746,0.890012322,0.86758873,0.881753727,0.84969658,0.86355342,0.917167984,0.926998683,0.85450812,0.868217431,0.84969658,0.86355342
74,ExtraTreeClassifier,surf0,256,1,1,1,1,1,1,0.90626,0.91294,0.88333,0.95833,0.8823,0.88333,0.860448027,0.869090435,0.875306592,0.8846434,0.823387555,0.835104869,0.919072555,0.93057896,0.82792778,0.838739792,0.823387555,0.835104869
75,ExtraTreeClassifier,surf0,512,1,1,1,1,1,1,0.89017,0.90091,0.84924,0.98333,0.8487,0.84924,0.836352235,0.846921269,0.809800954,0.828428641,0.76714869,0.784836158,0.930090057,0.93787964,0.773972513,0.792212368,0.76714869,0.784836158
76,ExtraTreeClassifier,surf0,64,1,1,1,1,1,1,0.89572,0.89536,0.88295,0.93333,0.87429,0.88295,0.871784219,0.881113217,0.853475426,0.867420359,0.843543238,0.855949186,0.893536605,0.90811491,0.839249514,0.852813997,0.843543238,0.855949186
77,ExtraTreeClassifier,orb,128,1,1,1,1,1,1,0.86666,0.85954,0.84583,0.92,0.84872,0.84583,0.830507257,0.842619727,0.820227806,0.833809284,0.808053552,0.821446448,0.873177022,0.885489645,0.80773853,0.821183459,0.808053552,0.821446448
78,ExtraTreeClassifier,orb,256,1,1,1,1,1,1,0.8261,0.82502,0.80416,0.91666,0.79212,0.80416,0.792266412,0.802892318,0.778428097,0.789992782,0.757481618,0.771268382,0.859940992,0.873559008,0.748413344,0.760971679,0.757481618,0.771268382
79,ExtraTreeClassifier,orb,64,1,1,1,1,1,1,0.87142,0.87113,0.87916,0.91666,0.85647,0.87916,0.840189707,0.853842039,0.833207468,0.848436669,0.83869514,0.85155486,0.854679577,0.872153756,0.819211332,0.834267973,0.83869514,0.85155486
80,ExtraTreeClassifier,brisk,128,1,1,1,1,1,1,0.81764,0.80957,0.7,0.93333,0.76385,0.7,0.781122242,0.791465993,0.747533889,0.761327349,0.710155917,0.723777416,0.88048403,0.890182637,0.715565334,0.729213287,0.710155917,0.723777416
81,ExtraTreeClassifier,brisk,256,1,1,1,1,1,1,0.78823,0.80305,0.717,0.93333,0.7291,0.717,0.757789884,0.767033646,0.756049246,0.771704581,0.66143683,0.67461317,0.890966151,0.903533849,0.66042667,0.673657045,0.66143683,0.67461317
82,ExtraTreeClassifier,brisk,64,1,1,1,1,1,1,0.81176,0.79678,0.767,0.90833,0.77217,0.767,0.776288012,0.788535518,0.74808356,0.765752707,0.711826928,0.727106405,0.866048921,0.878617746,0.712720315,0.728792,0.711826928,0.727106405
83,ExtraTreeClassifier,kaze,128,1,1,1,1,1,1,0.83675,0.84901,0.80416,0.92,0.79034,0.80416,0.805517378,0.813901425,0.811389202,0.820889515,0.762464048,0.774619285,0.891669804,0.905496863,0.751173141,0.760446485,0.762464048,0.774619285
84,ExtraTreeClassifier,kaze,256,1,1,1,1,1,1,0.82564,0.85076,0.78333,0.93333,0.779,0.78333,0.778541526,0.788894371,0.780086078,0.793730571,0.71465561,0.72784439,0.906334578,0.918665422,0.713040386,0.724710786,0.71465561,0.72784439
85,ExtraTreeClassifier,kaze,64,1,1,1,1,1,1,0.83589,0.8218,0.77,0.91666,0.78617,0.77,0.798186881,0.81049688,0.782681796,0.802674914,0.722701872,0.741631461,0.883456208,0.898543792,0.735572064,0.754377726,0.722701872,0.741631461
86,ExtraTreeClassifier,akaze,128,1,1,1,1,1,1,0.81727,0.83029,0.75962,0.93333,0.76689,0.75962,0.792788305,0.803932283,0.757096133,0.777455306,0.722403486,0.737138938,0.889815272,0.905669576,0.717544308,0.734950823,0.722403486,0.737138938
87,ExtraTreeClassifier,akaze,256,1,1,1,1,1,1,0.82867,0.81833,0.78583,0.9,0.79197,0.78583,0.801159272,0.81254661,0.773963325,0.78872469,0.754180836,0.767555528,0.86832701,0.879945717,0.756670243,0.770387701,0.754180836,0.767555528
88,ExtraTreeClassifier,akaze,64,1,1,1,1,1,1,0.84007,0.8491,0.782,0.9,0.79,0.782,0.803995502,0.812247145,0.806766199,0.818703365,0.727621816,0.739678184,0.912705058,0.922294942,0.733519616,0.746190044,0.727621816,0.739678184
89,LogisticRegression,sift,128,1,1,1,1,1,1,0.80238,0.7862,0.81666,0.99166,0.75827,0.81666,0.767184678,0.775672465,0.782790558,0.789627857,0.814031726,0.819301607,0.691603736,0.708396264,0.753899196,0.762654072,0.814031726,0.819301607
90,LogisticRegression,sift,256,1,1,1,1,1,1,0.84841,0.8842,0.82916,1,0.79462,0.82916,0.793075578,0.806924422,0.809384356,0.821794188,0.823691753,0.83464158,0.731215958,0.752117376,0.787781151,0.801472438,0.823691753,0.83464158
91,LogisticRegression,sift,64,1,1,1,1,1,1,0.84841,0.8842,0.82916,1,0.79462,0.82916,0.793075578,0.806924422,0.809384356,0.821794188,0.823691753,0.83464158,0.731215958,0.752117376,0.787781151,0.801472438,0.823691753,0.83464158
92,LogisticRegression,surf,128,1,1,1,1,1,1,0.78571,0.77738,0.88363,1,0.75824,0,0.769055764,0.781737886,0.77062199,0.784139915,0.793587248,0.806412752,0.707958168,0.725375165,0.750756544,0.76573721,0.793587248,0.806412752
93,LogisticRegression,surf,256,1,1,1,1,1,1,0.80396,0.82171,0.81666,0.99166,0.75035,0.81666,0.757007962,0.766801562,0.772653367,0.779092665,0.812468535,0.820864798,0.659358657,0.673974676,0.745387757,0.755326529,0.812468535,0.820864798
94,LogisticRegression,surf,64,1,1,1,1,1,1,0.85396,0.8755,0.87083,0.99166,0.82483,0.87083,0.827595081,0.842246189,0.835912334,0.847420999,0.866440922,0.875225745,0.781527215,0.801806118,0.817116313,0.832559012,0.866440922,0.875225745
95,LogisticRegression,surf100,128,1,1,1,1,1,1,0.85897,0.84477,0.86212,1,0.84302,0.86212,0.853695558,0.86425316,0.839741574,0.849814703,0.856845681,0.867396743,0.850646592,0.864504923,0.837822033,0.848229705,0.856845681,0.867396743
96,LogisticRegression,surf100,256,1,1,1,1,1,1,0.84017,0.83675,0.80757,1,0.80006,0.80757,0.837308916,0.843032964,0.832440141,0.841063023,0.798849858,0.808725899,0.885235869,0.896582312,0.795564372,0.804559094,0.798849858,0.808725899
97,LogisticRegression,surf100,64,1,1,1,1,1,1,0.8282,0.80879,0.85265,1,0.80217,0.85265,0.809028674,0.818321754,0.804431987,0.813165415,0.849091659,0.856211371,0.749228362,0.761377698,0.797000569,0.807343665,0.849091659,0.856211371
98,LogisticRegression,surf50,128,1,1,1,1,1,1,0.78461,0.77355,0.81136,1,0.76603,0.81136,0.754698372,0.765814449,0.768640143,0.778463032,0.806084342,0.816642931,0.665332803,0.680121742,0.744334893,0.755606062,0.806084342,0.816642931
99,LogisticRegression,surf50,256,1,1,1,1,1,1,0.81239,0.78737,0.81893,1,0.79139,0.81893,0.803500413,0.821285912,0.77763686,0.797110615,0.805850384,0.825967798,0.807564368,0.822738662,0.781610441,0.801186183,0.805850384,0.825967798
100,LogisticRegression,surf50,512,1,1,1,1,1,1,0.81666,0.81294,0.812,1,0.80016,0.812,0.797742129,0.810180948,0.783263399,0.796132199,0.79706153,0.810696046,0.801075025,0.81677346,0.775809387,0.788787753,0.79706153,0.810696046
101,LogisticRegression,surf50,64,1,1,1,1,1,1,0.79786,0.79096,0.82462,1,0.7839,0.82462,0.768429021,0.78285303,0.785538534,0.796387873,0.818032563,0.831209861,0.673174472,0.691977043,0.761276333,0.775003599,0.818032563,0.831209861
102,LogisticRegression,surf0,1024,1,1,1,1,1,1,0.85897,0.84988,0.87045,1,0.84392,0.87045,0.836534279,0.845397345,0.828029046,0.835860736,0.853682652,0.86274159,0.806181853,0.820666632,0.820595432,0.829584585,0.853682652,0.86274159
103,LogisticRegression,surf0,128,1,1,1,1,1,1,0.79572,0.78424,0.8284,1,0.78263,0.8284,0.791305166,0.800147825,0.779855405,0.788636658,0.823495432,0.83332275,0.735378945,0.744924085,0.778165769,0.787110115,0.823495432,0.83332275
104,LogisticRegression,surf0,256,1,1,1,1,1,1,0.7923,0.81161,0.84128,1,0.78382,0.84128,0.785404194,0.799211191,0.808030418,0.81520801,0.836049869,0.846525888,0.68841094,0.710073909,0.777305651,0.790344866,0.836049869,0.846525888
105,LogisticRegression,surf0,512,1,1,1,1,1,1,0.7923,0.81161,0.84128,1,0.78382,0.84128,0.785404194,0.799211191,0.808030418,0.81520801,0.836049869,0.846525888,0.68841094,0.710073909,0.777305651,0.790344866,0.836049869,0.846525888
106,LogisticRegression,surf0,64,1,1,1,1,1,1,0.78589,0.77681,0.79886,1,0.76265,0.79886,0.780433697,0.791361175,0.771042727,0.782589752,0.792643352,0.805083921,0.739710593,0.755743953,0.755978732,0.769336025,0.792643352,0.805083921
107,LogisticRegression,orb,128,1,1,1,1,1,1,0.73015,0.73944,0.77083,1,0.70514,0.77083,0.705181661,0.723389768,0.731731363,0.747151143,0.762890599,0.778776067,0.613387391,0.636612609,0.695961705,0.714325428,0.762890599,0.778776067
108,LogisticRegression,orb,256,1,1,1,1,1,1,0.73174,0.72566,0.74583,0.99166,0.6798,0.74583,0.689866084,0.70378471,0.721980939,0.729346067,0.739670077,0.75199659,0.597000027,0.61966664,0.673005923,0.686694464,0.739670077,0.75199659
109,LogisticRegression,orb,64,1,1,1,1,1,1,0.74365,0.7502,0.78333,1,0.71927,0.78333,0.71834947,0.737206086,0.743102731,0.757315739,0.775862703,0.790803964,0.638491335,0.661508665,0.709613005,0.728942837,0.775862703,0.790803964
110,LogisticRegression,brisk,128,1,1,1,1,1,1,0.72941,0.67079,0.697,0.99166,0.67245,0.697,0.723264589,0.73555894,0.661603475,0.6799823,0.689186678,0.705813322,0.767673743,0.782326257,0.663686957,0.681218186,0.689186678,0.705813322
111,LogisticRegression,brisk,256,1,1,1,1,1,1,0.75294,0.75271,0.73333,0.99166,0.7144,0.73333,0.737823642,0.756294005,0.742565808,0.76286959,0.724005954,0.742660713,0.754928265,0.778405068,0.705181113,0.723798488,0.724005954,0.742660713
112,LogisticRegression,brisk,64,1,1,1,1,1,1,0.74117,0.733,0.682,0.99166,0.6767,0.682,0.73384473,0.748508211,0.723989444,0.742151083,0.675175748,0.689824252,0.814549291,0.835450709,0.668727702,0.68468234,0.675175748,0.689824252
113,LogisticRegression,kaze,128,1,1,1,1,1,1,0.74365,0.7502,0.78333,1,0.71927,0.78333,0.71834947,0.737206086,0.743102731,0.757315739,0.775862703,0.790803964,0.638491335,0.661508665,0.709613005,0.728942837,0.775862703,0.790803964
114,LogisticRegression,kaze,256,1,1,1,1,1,1,0.78713,0.78873,0.7605,0.99166,0.70371,0.7605,0.783069953,0.790444753,0.781596321,0.795551098,0.697096275,0.710037058,0.902464133,0.914202534,0.696520628,0.709277607,0.697096275,0.710037058
115,LogisticRegression,kaze,64,1,1,1,1,1,1,0.787,0.76644,0.7,0.99166,0.7613,0.7,0.782339592,0.792660408,0.760640743,0.772250255,0.774956944,0.785043056,0.793382316,0.806617684,0.756024145,0.766594468,0.774956944,0.785043056
116,LogisticRegression,akaze,128,1,1,1,1,1,1,0.78713,0.7824,0.79219,1,0.75899,0.79219,0.774126144,0.787638562,0.77141992,0.781014867,0.787005521,0.797388418,0.753831902,0.774955977,0.752377696,0.765610383,0.787005521,0.797388418
117,LogisticRegression,akaze,256,1,1,1,1,1,1,0.78713,0.78873,0.7605,0.99166,0.70371,0.7605,0.783321421,0.790693285,0.781695823,0.79566112,0.697509069,0.710424264,0.902464133,0.914202534,0.697079427,0.709806572,0.697509069,0.710424264
118,LogisticRegression,akaze,64,1,1,1,1,1,1,0.787,0.76644,0.7,0.99166,0.7613,0.7,0.782339592,0.792660408,0.760640743,0.772250255,0.774956944,0.785043056,0.793382316,0.806617684,0.756024145,0.766594468,0.774956944,0.785043056
119,RandomForest,sift,128,1,1,1,1,1,1,0.8666,0.89732,0.90833,0.90833,0.89173,0.90833,0.863185468,0.873639929,0.855856586,0.867240325,0.851579425,0.862503908,0.87017214,0.883661193,0.84459787,0.85581984,0.851579425,0.862503908
120,RandomForest,sift,256,1,1,1,1,1,1,0.86666,0.8646,0.862,0.89166,0.85489,0.862,0.8320083,0.847864715,0.820675025,0.837438882,0.817921272,0.834745395,0.85603364,0.87196636,0.813190851,0.830308059,0.817921272,0.834745395
121,RandomForest,sift,64,1,1,1,1,1,1,0.91111,0.91055,0.91666,0.90833,0.90124,0.91666,0.877573044,0.887506321,0.874508442,0.884718542,0.87280203,0.884364636,0.884227642,0.896105691,0.86266111,0.873884656,0.87280203,0.884364636
122,RandomForest,surf,128,1,1,1,1,1,1,0.88174,0.89006,0.86666,0.90833,0.86049,0.86666,0.85770572,0.867675232,0.857553615,0.86762792,0.831609802,0.841306865,0.879204996,0.893961671,0.832414178,0.84228513,0.831609802,0.841306865
123,RandomForest,surf,256,1,1,1,1,1,1,0.8761,0.86245,0.85833,0.91666,0.85179,0.85833,0.852135187,0.864467988,0.834882667,0.848222347,0.832908109,0.847925224,0.893624091,0.904042576,0.82563364,0.839461758,0.832908109,0.847925224
124,RandomForest,surf,64,1,1,1,1,1,1,0.90793,0.89805,0.91666,0.93333,0.89361,0.91666,0.875144682,0.885506112,0.862914148,0.874693478,0.873299694,0.885200306,0.885405617,0.897927716,0.854046783,0.866045357,0.873299694,0.885200306
125,RandomForest,surf100,128,1,1,1,1,1,1,0.9,0.94339,0.95416,0.95833,0.944,0.95416,0.91478587,0.922650028,0.904065677,0.912671203,0.908246931,0.917942463,0.927238012,0.933474109,0.903276149,0.912411254,0.908246931,0.917942463
126,RandomForest,surf100,256,1,1,1,1,1,1,0.90341,0.90893,0.89128,0.95757,0.8849,0.89128,0.866903629,0.875207482,0.858982143,0.869494402,0.833725219,0.845123266,0.92625438,0.934109256,0.835786743,0.846230477,0.833725219,0.845123266
127,RandomForest,surf100,64,1,1,1,1,1,1,0.9047,0.89404,0.90795,0.93333,0.8898,0.90795,0.886588427,0.891796188,0.862129708,0.870585821,0.868082834,0.877348985,0.900370091,0.905493546,0.861031558,0.869617746,0.868082834,0.877348985
128,RandomForest,surf50,128,1,1,1,1,1,1,0.89786,0.89106,0.88295,0.94924,0.8801,0.88295,0.838839034,0.84860541,0.824858194,0.836312422,0.809692954,0.821587349,0.900786483,0.91044079,0.808235869,0.819345175,0.809692954,0.821587349
129,RandomForest,surf50,256,1,1,1,1,1,1,0.85667,0.89847,0.87916,0.96666,0.8837,0.87916,0.872641643,0.881717331,0.863800639,0.874038372,0.846832002,0.858849816,0.920981701,0.928381936,0.846919144,0.857947507,0.846832002,0.858849816
130,RandomForest,surf50,512,1,1,1,1,1,1,0.84567,0.85562,0.79629,0.98148,0.8059,0.79629,0.814684138,0.828278825,0.804605713,0.823255188,0.764903739,0.781855521,0.912508222,0.922862149,0.771298721,0.789242452,0.764903739,0.781855521
131,RandomForest,surf50,64,1,1,1,1,1,1,0.8923,0.88315,0.88295,0.92,0.87576,0.88295,0.843295577,0.852721518,0.827843456,0.839128655,0.816376232,0.827093465,0.890463702,0.900809025,0.816034057,0.826397671,0.816376232,0.827093465
132,RandomForest,surf0,1024,1,1,1,1,1,1,0.86666,0.88881,0.82,0.99166,0.83789,0.82,0.836398344,0.8470461,0.86028792,0.871732837,0.773948948,0.788884385,0.959295029,0.965371638,0.784737995,0.800049861,0.773948948,0.788884385
133,RandomForest,surf0,128,1,1,1,1,1,1,0.90341,0.9115,0.87,0.95833,0.87977,0.87,0.874030873,0.884140067,0.869063169,0.881155327,0.8397026,0.851380734,0.921542782,0.930957218,0.848597367,0.86005509,0.8397026,0.851380734
134,RandomForest,surf0,256,1,1,1,1,1,1,0.88333,0.89947,0.87083,0.94924,0.86783,0.87083,0.85862488,0.867845205,0.869654793,0.879781624,0.830122067,0.841400661,0.906759143,0.919619645,0.83132178,0.842222509,0.830122067,0.841400661
135,RandomForest,surf0,512,1,1,1,1,1,1,0.88247,0.85882,0.85795,0.96666,0.84994,0.85795,0.849364732,0.859780567,0.813919366,0.83298984,0.793561036,0.812310176,0.911807713,0.919934711,0.796836427,0.815577653,0.793561036,0.812310176
136,RandomForest,surf0,64,1,1,1,1,1,1,0.89572,0.88794,0.87878,0.92424,0.87303,0.87878,0.863539338,0.871802543,0.852581389,0.863325279,0.842197933,0.851294491,0.880266612,0.894718236,0.836412905,0.846506381,0.842197933,0.851294491
137,RandomForest,orb,128,1,1,1,1,1,1,0.87222,0.8716,0.85833,0.93333,0.85453,0.85833,0.8416409,0.85204164,0.833690361,0.845102282,0.820195697,0.832387637,0.882504377,0.894995623,0.814015513,0.825475798,0.820195697,0.832387637
138,RandomForest,orb,256,1,1,1,1,1,1,0.8412,0.82411,0.81666,0.89166,0.80851,0.81666,0.801769226,0.812532362,0.786907874,0.797939865,0.779686103,0.79214723,0.845278388,0.860054945,0.769117803,0.780657059,0.779686103,0.79214723
139,RandomForest,orb,64,1,1,1,1,1,1,0.86031,0.86346,0.87,0.89332,0.84569,0.87,0.83140951,0.845161918,0.826258172,0.841622569,0.828507238,0.842159429,0.837819192,0.856847475,0.808336298,0.824143529,0.828507238,0.842159429
140,RandomForest,brisk,128,1,1,1,1,1,1,0.81764,0.80375,0.76583,0.91666,0.77102,0.76583,0.78014836,0.79067517,0.744905062,0.760764029,0.712260208,0.726256459,0.874510421,0.885322912,0.71367568,0.728493827,0.712260208,0.726256459
141,RandomForest,brisk,256,1,1,1,1,1,1,0.82366,0.80456,0.73333,0.92,0.73876,0.73333,0.771282464,0.782364595,0.754203674,0.769780187,0.714565577,0.726017756,0.85053893,0.864627737,0.719057613,0.731013488,0.714565577,0.726017756
142,RandomForest,brisk,64,1,1,1,1,1,1,0.82352,0.82002,0.787,0.9363,0.78874,0.787,0.789208097,0.800556609,0.763465925,0.778260433,0.740865877,0.75365079,0.856297016,0.869536318,0.741126936,0.754755895,0.740865877,0.75365079
143,RandomForest,kaze,128,1,1,1,1,1,1,0.84786,0.85537,0.82,0.90833,0.81044,0.82,0.81712592,0.826711687,0.800522625,0.809991954,0.798314303,0.809685697,0.857262435,0.871070899,0.781448512,0.790813827,0.798314303,0.809685697
144,RandomForest,kaze,256,1,1,1,1,1,1,0.82564,0.83039,0.79583,0.9054,0.7932,0.79583,0.793159977,0.803139169,0.784494641,0.796134993,0.755073326,0.766843341,0.871530266,0.885969734,0.746399636,0.755988189,0.755073326,0.766843341
145,RandomForest,kaze,64,1,1,1,1,1,1,0.85256,0.83001,0.80416,0.9067,0.81094,0.80416,0.82288575,0.837131344,0.798832555,0.819828343,0.764159525,0.785423808,0.874880134,0.890619866,0.772539723,0.793351121,0.764159525,0.785423808
146,RandomForest,akaze,128,1,1,1,1,1,1,0.82867,0.84436,0.79128,0.90757,0.7933,0.79128,0.776733494,0.790935623,0.755374584,0.773958299,0.721438612,0.736278055,0.8538976,0.873935733,0.716320569,0.73375543,0.721438612,0.736278055
147,RandomForest,akaze,256,1,1,1,1,1,1,0.84007,0.82663,0.83462,0.90833,0.81217,0.83462,0.810134108,0.820123245,0.780075032,0.791035013,0.787645746,0.800916375,0.840783186,0.851141057,0.774742035,0.786783752,0.787645746,0.800916375
148,RandomForest,akaze,64,1,1,1,1,1,1,0.84044,0.83371,0.79962,0.91666,0.79862,0.79962,0.789381968,0.80041215,0.769660969,0.785335068,0.724106751,0.738135673,0.881584306,0.892900543,0.728497168,0.742980935,0.724106751,0.738135673
